[
  {
    "id": "6f02d948-da8a-4070-a6ee-52a468268855",
    "data": [
      {
        "text": "Pon la alarma ",
        "userDefined": false
      },
      {
        "text": "para las cinco y media",
        "alias": "time",
        "meta": "@sys.time",
        "userDefined": false
      }
    ],
    "isTemplate": false,
    "count": 0,
    "updated": 1541903281
  },
  {
    "id": "47aa8db6-c3c4-4923-bb53-7e601d6d285a",
    "data": [
      {
        "text": "Pon la alarma ",
        "userDefined": false
      },
      {
        "text": "a las dos",
        "alias": "time",
        "meta": "@sys.time",
        "userDefined": false
      }
    ],
    "isTemplate": false,
    "count": 0,
    "updated": 1541903281
  },
  {
    "id": "f84a2b9a-4066-47ff-bcaa-079e493378e7",
    "data": [
      {
        "text": "Crea ",
        "userDefined": false
      },
      {
        "text": "una",
        "meta": "@sys.ignore",
        "userDefined": false
      },
      {
        "text": " alarma ",
        "userDefined": false
      },
      {
        "text": "a las tres cuarenta y cinco",
        "alias": "time1",
        "meta": "@sys.time",
        "userDefined": false
      }
    ],
    "isTemplate": false,
    "count": 0,
    "updated": 1541903281
  },
  {
    "id": "da30b2cb-c8f4-4360-920d-63308aa8da3e",
    "data": [
      {
        "text": "Pon ",
        "userDefined": false
      },
      {
        "text": "una",
        "meta": "@sys.ignore",
        "userDefined": false
      },
      {
        "text": " alarma a ",
        "userDefined": false
      },
      {
        "text": "la una menos cuarto",
        "alias": "time",
        "meta": "@sys.time",
        "userDefined": false
      }
    ],
    "isTemplate": false,
    "count": 0,
    "updated": 1541903281
  }
]