[
  {
    "id": "0272fc80-3c08-45ff-8e28-d6ccb90232ff",
    "data": [
      {
        "text": "Pon ",
        "userDefined": false
      },
      {
        "text": "una",
        "meta": "@sys.ignore",
        "userDefined": false
      },
      {
        "text": " nota ",
        "userDefined": false
      },
      {
        "text": "para el cinco de marzo",
        "alias": "date",
        "meta": "@sys.date",
        "userDefined": false
      }
    ],
    "isTemplate": false,
    "count": 0,
    "updated": 1541903142
  }
]