[
  {
    "id": "3793388f-8d9b-4c8f-81c8-892efc087e51",
    "data": [
      {
        "text": "Pon ",
        "userDefined": false
      },
      {
        "text": "una",
        "meta": "@sys.ignore",
        "userDefined": false
      },
      {
        "text": " nota ",
        "userDefined": false
      },
      {
        "text": "para el cinco de marzo",
        "alias": "date",
        "meta": "@sys.date",
        "userDefined": false
      }
    ],
    "isTemplate": false,
    "count": 0,
    "updated": 1541903142
  }
]